event_id,league,season,match_date,home,away,first_seen,p_home_first,p_draw_first,p_away_first,last_seen,p_home,p_draw,p_away,lam_home,lam_away
2398875,Allsvenskan,2026,2026-08-08,Mjällby,Elfsborg,2026-08-08,0.3892,0.2693,0.3414,2026-08-08,0.3892,0.2693,0.3414,1.303,1.202
2398876,Allsvenskan,2026,2026-08-08,Örgryte,AIK,2026-08-08,0.3483,0.2560,0.3956,2026-08-08,0.3483,0.2560,0.3956,1.314,1.417
2398872,Allsvenskan,2026,2026-08-09,Halmstad,GAIS,2026-08-08,0.1348,0.2054,0.6598,2026-08-09,0.1348,0.2054,0.6598,0.759,1.976
2477931,Allsvenskan,2026,2026-08-09,Hammarby,Häcken,2026-08-08,0.5898,0.2050,0.2052,2026-08-09,0.5898,0.2050,0.2052,2.129,1.184
2398871,Allsvenskan,2026,2026-08-09,IFK Göteborg,Kalmar,2026-08-08,0.3087,0.2547,0.4366,2026-08-09,0.3087,0.2547,0.4366,1.216,1.495
2477932,Allsvenskan,2026,2026-08-09,Malmö,Degerfors,2026-08-08,0.6030,0.2239,0.1731,2026-08-09,0.6030,0.2239,0.1731,1.842,0.870
2398877,Allsvenskan,2026,2026-08-10,Sirius,Brommapojkarna,2026-08-08,0.6912,0.1793,0.1295,2026-08-10,0.6847,0.1823,0.1330,2.275,0.895
2398878,Allsvenskan,2026,2026-08-10,Västerås,Djurgården,2026-08-08,0.2139,0.2013,0.5849,2026-08-10,0.2091,0.2001,0.5908,1.255,2.212
2398882,Allsvenskan,2026,2026-08-14,Elfsborg,Västerås,2026-08-08,0.4611,0.2559,0.2830,2026-08-14,0.4983,0.2509,0.2508,1.586,1.048
2398886,Allsvenskan,2026,2026-08-15,Mjällby,Sirius,2026-08-08,0.1985,0.2066,0.5950,2026-08-15,0.1813,0.2027,0.6160,1.062,2.121
2506176,La Liga,2026-2027,2026-08-15,Deportivo Alavés,Getafe,2026-08-08,0.4755,0.3133,0.2112,2026-08-15,0.4755,0.3133,0.2113,1.151,0.661
2506172,La Liga,2026-2027,2026-08-15,Sevilla,Rayo Vallecano,2026-08-08,0.3421,0.2869,0.3709,2026-08-15,0.3421,0.2869,0.3710,1.098,1.156
2398879,Allsvenskan,2026,2026-08-16,Brommapojkarna,Örgryte,2026-08-08,0.5660,0.2235,0.2104,2026-08-16,0.5590,0.2268,0.2142,1.847,1.055
2398880,Allsvenskan,2026,2026-08-16,Degerfors,IFK Göteborg,2026-08-08,0.2991,0.2660,0.4348,2026-08-16,0.2922,0.2634,0.4444,1.108,1.431
2398881,Allsvenskan,2026,2026-08-16,Djurgården,AIK,2026-08-09,0.7031,0.1666,0.1303,2026-08-16,0.7021,0.1693,0.1286,2.468,0.967
2477933,Allsvenskan,2026,2026-08-16,GAIS,Malmö,2026-08-09,0.5502,0.2250,0.2248,2026-08-16,0.5489,0.2254,0.2257,1.870,1.120
2398885,Allsvenskan,2026,2026-08-16,Kalmar,Hammarby,2026-08-09,0.2178,0.2506,0.5316,2026-08-16,0.2191,0.2516,0.5293,0.923,1.588
2506174,La Liga,2026-2027,2026-08-16,Espanyol,Levante,2026-08-08,0.4081,0.2500,0.3419,2026-08-16,0.4081,0.2500,0.3419,1.493,1.347
2477934,Allsvenskan,2026,2026-08-17,Häcken,Halmstad,2026-08-09,0.7779,0.1406,0.0815,2026-08-17,0.7767,0.1410,0.0823,2.657,0.759
2506187,La Liga,2026-2027,2026-08-20,Rayo Vallecano,Deportivo Alavés,2026-08-08,0.5103,0.2590,0.2306,2026-08-20,0.4926,0.2629,0.2445,1.477,0.956
2477936,Allsvenskan,2026,2026-08-21,Sirius,Häcken,2026-08-11,0.5966,0.2019,0.2015,2026-08-21,0.5634,0.2085,0.2280,2.105,1.280
2506184,La Liga,2026-2027,2026-08-21,Real Betis,Real Sociedad,2026-08-08,0.5853,0.2145,0.2002,2026-08-21,0.5887,0.2131,0.1982,2.005,1.076
2489463,Ligue 1,2026-2027,2026-08-21,Marseille,Strasbourg,2026-08-08,0.5498,0.2095,0.2407,2026-08-21,0.5499,0.2095,0.2407,2.100,1.337
2398892,Allsvenskan,2026,2026-08-22,Örgryte,Halmstad,2026-08-11,0.5466,0.2302,0.2232,2026-08-22,0.5523,0.2329,0.2149,1.778,1.017
2506180,La Liga,2026-2027,2026-08-22,Athletic Bilbao,Sevilla,2026-08-08,0.5799,0.2462,0.1738,2026-08-22,0.5850,0.2435,0.1715,1.647,0.763
2506183,La Liga,2026-2027,2026-08-22,Espanyol,Real Madrid,2026-08-09,0.1886,0.2155,0.5960,2026-08-22,0.2110,0.2232,0.5657,1.066,1.889
2506181,La Liga,2026-2027,2026-08-22,Valencia,Celta Vigo,2026-08-09,0.4328,0.2677,0.2995,2026-08-22,0.4343,0.2668,0.2989,1.392,1.107
2489469,Ligue 1,2026-2027,2026-08-22,Lens,Auxerre,2026-08-08,0.6985,0.1844,0.1171,2026-08-22,0.6990,0.1843,0.1167,2.179,0.760
2489464,Ligue 1,2026-2027,2026-08-22,Nice,Lorient,2026-08-08,0.4501,0.2510,0.2989,2026-08-22,0.4508,0.2511,0.2981,1.545,1.209
2489466,Ligue 1,2026-2027,2026-08-22,Toulouse,Lyon,2026-08-08,0.3898,0.2544,0.3558,2026-08-22,0.3905,0.2547,0.3549,1.419,1.341
2489467,Ligue 1,2026-2027,2026-08-22,Troyes,Paris FC,2026-08-08,0.1448,0.2145,0.6407,2026-08-22,0.1396,0.2122,0.6481,0.751,1.911
2494005,Premier League,2026-2027,2026-08-22,Brentford,Tottenham Hotspur,2026-08-08,0.5127,0.2341,0.2532,2026-08-22,0.5145,0.2337,0.2518,1.773,1.172
2494002,Premier League,2026-2027,2026-08-22,Everton,Crystal Palace,2026-08-08,0.3954,0.2629,0.3417,2026-08-22,0.3971,0.2628,0.3401,1.366,1.244
2494003,Premier League,2026-2027,2026-08-22,Ipswich Town,Sunderland,2026-08-08,0.2689,0.2705,0.4606,2026-08-22,0.2701,0.2707,0.4592,0.999,1.391
2494004,Premier League,2026-2027,2026-08-22,Nottingham Forest,Leeds United,2026-08-08,0.3964,0.2628,0.3408,2026-08-22,0.3980,0.2626,0.3394,1.369,1.243
2482139,Serie A,2026-2027,2026-08-22,Genoa,Napoli,2026-08-08,0.1991,0.2761,0.5249,2026-08-22,0.1992,0.2762,0.5246,0.740,1.391
2482144,Serie A,2026-2027,2026-08-22,Inter Milan,Monza,2026-08-08,0.8995,0.0728,0.0277,2026-08-22,0.8996,0.0727,0.0277,3.428,0.523
2482147,Serie A,2026-2027,2026-08-22,Parma,Cagliari,2026-08-08,0.3400,0.2915,0.3685,2026-08-22,0.3400,0.2915,0.3685,1.070,1.126
2482138,Serie A,2026-2027,2026-08-22,Udinese,Como,2026-08-08,0.2039,0.2490,0.5471,2026-08-22,0.2038,0.2490,0.5472,0.876,1.611
2398888,Allsvenskan,2026,2026-08-23,Brommapojkarna,Degerfors,2026-08-15,0.5185,0.2719,0.2096,2026-08-23,0.4968,0.2717,0.2314,1.412,0.869
2398890,Allsvenskan,2026,2026-08-23,Hammarby,GAIS,2026-08-17,0.5746,0.2380,0.1874,2026-08-23,0.5750,0.2378,0.1872,1.711,0.861
2398889,Allsvenskan,2026,2026-08-23,IFK Göteborg,Elfsborg,2026-08-16,0.3207,0.2515,0.4278,2026-08-23,0.3046,0.2485,0.4468,1.250,1.565
2398894,Allsvenskan,2026,2026-08-23,Västerås,Kalmar,2026-08-17,0.3365,0.2665,0.3971,2026-08-23,0.3398,0.2648,0.3955,1.229,1.347
2506179,La Liga,2026-2027,2026-08-23,Atlético Madrid,Villarreal,2026-08-09,0.5272,0.2146,0.2583,2026-08-23,0.5385,0.2137,0.2478,2.039,1.330
2506188,La Liga,2026-2027,2026-08-23,Elche,Barcelona,2026-08-09,0.1390,0.1626,0.6984,2026-08-23,0.1479,0.1685,0.6836,1.143,2.583
2506185,La Liga,2026-2027,2026-08-23,Getafe,Racing de Santander,2026-08-19,0.2939,0.3119,0.3942,2026-08-23,0.2916,0.3114,0.3970,0.874,1.073
2489462,Ligue 1,2026-2027,2026-08-23,Angers,Lille,2026-08-08,0.1482,0.2487,0.6031,2026-08-23,0.1492,0.2500,0.6008,0.639,1.577
2489468,Ligue 1,2026-2027,2026-08-23,Le Havre,Monaco,2026-08-08,0.2226,0.2324,0.5450,2026-08-23,0.2240,0.2332,0.5428,1.055,1.777
2489465,Ligue 1,2026-2027,2026-08-23,Paris Saint-Germain,Rennes,2026-08-08,0.7792,0.1306,0.0902,2026-08-23,0.7803,0.1302,0.0895,2.973,0.953
2494007,Premier League,2026-2027,2026-08-23,Brighton and Hove Albion,Aston Villa,2026-08-08,0.4560,0.2430,0.3010,2026-08-23,0.4599,0.2423,0.2978,1.643,1.277
2494006,Premier League,2026-2027,2026-08-23,Manchester City,Bournemouth,2026-08-08,0.6207,0.1948,0.1845,2026-08-23,0.6249,0.1934,0.1817,2.264,1.148
2494008,Premier League,2026-2027,2026-08-23,Newcastle United,Liverpool,2026-08-08,0.3549,0.2255,0.4196,2026-08-23,0.3587,0.2254,0.4159,1.638,1.776
2482141,Serie A,2026-2027,2026-08-23,Atalanta,Sassuolo,2026-08-08,0.6535,0.1889,0.1576,2026-08-23,0.6512,0.1899,0.1589,2.253,1.023
2482145,Serie A,2026-2027,2026-08-23,Frosinone,Juventus,2026-08-08,0.1355,0.1905,0.6740,2026-08-23,0.1346,0.1902,0.6752,0.850,2.167
2482143,Serie A,2026-2027,2026-08-23,Torino,AC Milan,2026-08-08,0.2451,0.2428,0.5122,2026-08-23,0.2437,0.2427,0.5136,1.074,1.673
2482146,Serie A,2026-2027,2026-08-23,Venezia,Lecce,2026-08-08,0.4336,0.2933,0.2731,2026-08-23,0.4319,0.2939,0.2742,1.210,0.901
2477935,Allsvenskan,2026,2026-08-24,Malmö,Djurgården,2026-08-17,0.2570,0.2178,0.5252,2026-08-24,0.2591,0.2170,0.5239,1.352,1.993
2506186,La Liga,2026-2027,2026-08-24,Osasuna,Levante,2026-08-09,0.4946,0.2452,0.2602,2026-08-24,0.5129,0.2429,0.2442,1.671,1.075
2494009,Premier League,2026-2027,2026-08-24,Fulham,Chelsea,2026-08-08,0.3595,0.2477,0.3928,2026-08-24,0.3665,0.2482,0.3853,1.424,1.466
2482142,Serie A,2026-2027,2026-08-24,Bologna,Lazio,2026-08-08,0.3954,0.2897,0.3148,2026-08-24,0.3886,0.2915,0.3198,1.161,1.025
2482140,Serie A,2026-2027,2026-08-24,Roma,Fiorentina,2026-08-08,0.5917,0.2261,0.1822,2026-08-24,0.5833,0.2296,0.1871,1.795,0.907
2506171,La Liga,2026-2027,2026-08-25,Valencia,Real Betis,2026-08-09,0.3815,0.2652,0.3533,2026-08-25,0.3650,0.2704,0.3646,1.248,1.247
2506175,La Liga,2026-2027,2026-08-26,Real Madrid,Real Sociedad,2026-08-09,0.7427,0.1511,0.1062,2026-08-26,0.7458,0.1495,0.1048,2.685,0.926
2506169,La Liga,2026-2027,2026-08-27,Barcelona,Athletic Bilbao,2026-08-09,0.7455,0.1491,0.1054,2026-08-27,0.7589,0.1417,0.0993,2.803,0.945
2506173,La Liga,2026-2027,2026-08-27,Celta Vigo,Osasuna,2026-08-08,0.4864,0.2630,0.2507,2026-08-27,0.4783,0.2711,0.2506,1.404,0.935
2508333,Bundesliga,2026-2027,2026-08-28,Bayern Munich,Stuttgart,2026-08-08,0.7351,0.1353,0.1297,2026-08-28,0.7349,0.1353,0.1298,3.280,1.418
2506194,La Liga,2026-2027,2026-08-28,Deportivo Alavés,Villarreal,2026-08-23,0.3788,0.2520,0.3692,2026-08-28,0.3711,0.2516,0.3774,1.405,1.419
2506198,La Liga,2026-2027,2026-08-28,Racing de Santander,Elche,2026-08-23,0.5968,0.2166,0.1866,2026-08-28,0.5751,0.2312,0.1937,1.784,0.929
2489479,Ligue 1,2026-2027,2026-08-28,Lille,Paris Saint-Germain,2026-08-08,0.2784,0.2504,0.4712,2026-08-28,0.2794,0.2539,0.4667,1.128,1.535
2494015,Premier League,2026-2027,2026-08-28,Crystal Palace,Manchester City,2026-08-09,0.2272,0.2169,0.5559,2026-08-28,0.2263,0.2168,0.5569,1.193,1.983
2482150,Serie A,2026-2027,2026-08-28,AC Milan,Venezia,2026-08-09,0.6530,0.2081,0.1389,2026-08-28,0.6505,0.1945,0.1550,2.172,0.958
2398897,Allsvenskan,2026,2026-08-29,Elfsborg,Degerfors,2026-08-17,0.5637,0.2601,0.1762,2026-08-29,0.5331,0.2583,0.2087,1.529,0.849
2398901,Allsvenskan,2026,2026-08-29,Halmstad,Kalmar,2026-08-17,0.1825,0.2448,0.5727,2026-08-29,0.2442,0.2669,0.4889,0.935,1.443
2477937,Allsvenskan,2026,2026-08-29,Häcken,Västerås,2026-08-19,0.6351,0.1938,0.1712,2026-08-29,0.6012,0.2068,0.1920,2.082,1.092
2508336,Bundesliga,2026-2027,2026-08-29,Borussia Dortmund,Hamburg,2026-08-08,0.7492,0.1577,0.0931,2026-08-29,0.7508,0.1576,0.0916,2.436,0.726
2508340,Bundesliga,2026-2027,2026-08-29,Köln,Hoffenheim,2026-08-08,0.3661,0.2306,0.4033,2026-08-29,0.3690,0.2313,0.3997,1.598,1.671
2508338,Bundesliga,2026-2027,2026-08-29,RB Leipzig,Borussia Mönchengladbach,2026-08-08,0.6587,0.1830,0.1583,2026-08-29,0.6608,0.1826,0.1565,2.362,1.070
2508339,Bundesliga,2026-2027,2026-08-29,Union Berlin,Eintracht Frankfurt,2026-08-08,0.3845,0.2556,0.3599,2026-08-29,0.3871,0.2562,0.3567,1.400,1.333
2506192,La Liga,2026-2027,2026-08-29,Levante,Real Betis,2026-08-24,0.3381,0.2415,0.4204,2026-08-29,0.3439,0.2475,0.4087,1.373,1.518
2506196,La Liga,2026-2027,2026-08-29,Real Sociedad,Espanyol,2026-08-25,0.5280,0.2365,0.2354,2026-08-29,0.5075,0.2394,0.2530,1.706,1.134
2506190,La Liga,2026-2027,2026-08-29,Sevilla,Atlético Madrid,2026-08-24,0.2604,0.2504,0.4892,2026-08-29,0.2626,0.2507,0.4867,1.092,1.581
2489477,Ligue 1,2026-2027,2026-08-29,Auxerre,Angers,2026-08-09,0.5265,0.2812,0.1922,2026-08-29,0.5018,0.2793,0.2189,1.361,0.795
2489476,Ligue 1,2026-2027,2026-08-29,Brest,Toulouse,2026-08-09,0.3343,0.2630,0.4027,2026-08-29,0.3489,0.2605,0.3906,1.282,1.371
2489475,Ligue 1,2026-2027,2026-08-29,Lorient,Troyes,2026-08-09,0.7188,0.1804,0.1008,2026-08-29,0.6213,0.2955,0.0831,1.267,0.287
2489471,Ligue 1,2026-2027,2026-08-29,Lyon,Le Havre,2026-08-09,0.6431,0.2099,0.1471,2026-08-29,0.6393,0.2130,0.1478,1.920,0.794
2489474,Ligue 1,2026-2027,2026-08-29,Strasbourg,Lens,2026-08-09,0.2939,0.2294,0.4767,2026-08-29,0.2532,0.2178,0.5290,1.316,1.981
2494011,Premier League,2026-2027,2026-08-29,Bournemouth,Everton,2026-08-09,0.5524,0.2315,0.2161,2026-08-29,0.5322,0.2359,0.2319,1.748,1.072
2494019,Premier League,2026-2027,2026-08-29,Coventry City,Hull City,2026-08-23,0.3717,0.2891,0.3393,2026-08-29,0.3723,0.2881,0.3396,1.152,1.087
2494012,Premier League,2026-2027,2026-08-29,Liverpool,Nottingham Forest,2026-08-09,0.6342,0.1947,0.1711,2026-08-29,0.6319,0.1976,0.1706,2.170,1.037
2494013,Premier League,2026-2027,2026-08-29,Tottenham Hotspur,Newcastle United,2026-08-09,0.3637,0.2452,0.3911,2026-08-29,0.3510,0.2424,0.4066,1.438,1.564
2482155,Serie A,2026-2027,2026-08-29,Fiorentina,Frosinone,2026-08-09,0.5144,0.2439,0.2417,2026-08-29,0.6512,0.2173,0.1315,1.841,0.681
2482153,Serie A,2026-2027,2026-08-29,Juventus,Parma,2026-08-09,0.7728,0.1564,0.0708,2026-08-29,0.7757,0.1562,0.0681,2.291,0.520
2482157,Serie A,2026-2027,2026-08-29,Monza,Udinese,2026-08-09,0.2400,0.2742,0.4858,2026-08-29,0.2364,0.2625,0.5011,0.931,1.485
2482149,Serie A,2026-2027,2026-08-29,Sassuolo,Torino,2026-08-09,0.4510,0.2535,0.2955,2026-08-29,0.4739,0.2489,0.2772,1.589,1.156
2398895,Allsvenskan,2026,2026-08-30,AIK,Hammarby,2026-08-22,0.1345,0.1850,0.6805,2026-08-30,0.1810,0.2245,0.5945,0.907,1.845
2398899,Allsvenskan,2026,2026-08-30,IFK Göteborg,Örgryte,2026-08-23,0.5595,0.2086,0.2318,2026-08-30,0.5760,0.2087,0.2153,2.088,1.208
2508337,Bundesliga,2026-2027,2026-08-30,Augsburg,Schalke 04,2026-08-08,0.5377,0.2399,0.2223,2026-08-30,0.5250,0.2418,0.2332,1.684,1.038
2508334,Bundesliga,2026-2027,2026-08-30,Freiburg,Werder Bremen,2026-08-08,0.4961,0.2488,0.2551,2026-08-30,0.4999,0.2492,0.2509,1.603,1.059
2506191,La Liga,2026-2027,2026-08-30,Celta Vigo,Athletic Bilbao,2026-08-25,0.4288,0.2694,0.3017,2026-08-30,0.4557,0.2671,0.2772,1.414,1.040
2506193,La Liga,2026-2027,2026-08-30,Real Madrid,Málaga,2026-08-26,0.7651,0.1553,0.0797,2026-08-30,0.7846,0.1444,0.0711,2.491,0.613
2489472,Ligue 1,2026-2027,2026-08-30,Monaco,Marseille,2026-08-09,0.4455,0.2151,0.3394,2026-08-30,0.4081,0.2242,0.3677,1.775,1.677
2489478,Ligue 1,2026-2027,2026-08-30,Paris FC,Nice,2026-08-09,0.4801,0.2455,0.2744,2026-08-30,0.4893,0.2508,0.2599,1.581,1.081
2489473,Ligue 1,2026-2027,2026-08-30,Rennes,Le Mans,2026-08-23,0.5503,0.2188,0.2308,2026-08-30,0.5430,0.2245,0.2325,1.884,1.159
2494014,Premier League,2026-2027,2026-08-30,Chelsea,Brighton and Hove Albion,2026-08-09,0.4374,0.2409,0.3217,2026-08-30,0.4124,0.2383,0.3494,1.618,1.473
2494016,Premier League,2026-2027,2026-08-30,Leeds United,Brentford,2026-08-09,0.4093,0.2506,0.3402,2026-08-30,0.3829,0.2559,0.3612,1.394,1.347
2494010,Premier League,2026-2027,2026-08-30,Manchester United,Ipswich Town,2026-08-09,0.7980,0.1306,0.0714,2026-08-30,0.7340,0.1608,0.1052,2.476,0.830
2494018,Premier League,2026-2027,2026-08-30,Sunderland,Fulham,2026-08-09,0.3637,0.2794,0.3569,2026-08-30,0.3734,0.2752,0.3514,1.233,1.187
2482151,Serie A,2026-2027,2026-08-30,Cagliari,Inter Milan,2026-08-09,0.1039,0.1569,0.7392,2026-08-30,0.1106,0.1646,0.7247,0.848,2.444
2482148,Serie A,2026-2027,2026-08-30,Lazio,Genoa,2026-08-09,0.4701,0.2896,0.2402,2026-08-30,0.4683,0.2944,0.2373,1.244,0.795
2482152,Serie A,2026-2027,2026-08-30,Napoli,Como,2026-08-09,0.3851,0.2883,0.3266,2026-08-30,0.4045,0.2867,0.3088,1.214,1.023
2398896,Allsvenskan,2026,2026-08-31,Djurgården,Mjällby,2026-08-23,0.6999,0.1658,0.1343,2026-08-31,0.5832,0.2131,0.2037,2.011,1.106
2398898,Allsvenskan,2026,2026-08-31,GAIS,Brommapojkarna,2026-08-23,0.5399,0.2515,0.2086,2026-08-31,0.5112,0.2514,0.2374,1.586,0.995
2477938,Allsvenskan,2026,2026-08-31,Sirius,Malmö,2026-08-23,0.6100,0.1972,0.1929,2026-08-31,0.5373,0.2168,0.2458,1.993,1.290
2506189,La Liga,2026-2027,2026-08-31,Barcelona,Rayo Vallecano,2026-08-28,0.7976,0.1242,0.0782,2026-08-31,0.7961,0.1255,0.0784,2.951,0.857
2506197,La Liga,2026-2027,2026-08-31,Osasuna,Getafe,2026-08-28,0.4960,0.3143,0.1898,2026-08-31,0.4945,0.3167,0.1888,1.149,0.588
2494017,Premier League,2026-2027,2026-08-31,Aston Villa,Arsenal,2026-08-09,0.2198,0.2304,0.5497,2026-08-31,0.1856,0.2169,0.5975,0.980,1.939
2482154,Serie A,2026-2027,2026-08-31,Atalanta,Bologna,2026-08-09,0.5730,0.2236,0.2034,2026-08-31,0.5460,0.2318,0.2222,1.793,1.057
2482156,Serie A,2026-2027,2026-08-31,Lecce,Roma,2026-08-09,0.1478,0.2236,0.6286,2026-08-31,0.1364,0.2092,0.6544,0.749,1.937
2398828,Allsvenskan,2026,2026-09-03,Mjällby,Djurgården,2026-08-23,0.1922,0.1950,0.6128,2026-09-03,0.2355,0.2239,0.5406,1.178,1.893
2506226,La Liga,2026-2027,2026-09-03,Real Sociedad,Celta Vigo,2026-08-29,0.4130,0.2563,0.3307,2026-09-03,0.4576,0.2492,0.2932,1.571,1.207
2489485,Ligue 1,2026-2027,2026-09-03,Toulouse,Lille,2026-08-09,0.3167,0.2793,0.4040,2026-09-03,0.3247,0.2714,0.4039,1.148,1.313
2508347,Bundesliga,2026-2027,2026-09-04,Stuttgart,Köln,2026-08-08,0.6803,0.1694,0.1503,2026-09-04,0.6376,0.1806,0.1818,2.490,1.283
2506205,La Liga,2026-2027,2026-09-04,Real Betis,Real Madrid,2026-08-29,0.3170,0.2381,0.4449,2026-09-04,0.2851,0.2269,0.4881,1.367,1.847
2489481,Ligue 1,2026-2027,2026-09-04,Lyon,Auxerre,2026-08-29,0.6040,0.2199,0.1761,2026-09-04,0.6165,0.2143,0.1692,1.945,0.907
2489484,Ligue 1,2026-2027,2026-09-04,Paris Saint-Germain,Monaco,2026-08-29,0.6716,0.1748,0.1536,2026-09-04,0.6676,0.1779,0.1546,2.437,1.101
2494027,Premier League,2026-2027,2026-09-04,Ipswich Town,Liverpool,2026-08-29,0.1590,0.1872,0.6538,2026-09-04,0.1380,0.1574,0.7045,1.181,2.760
2482160,Serie A,2026-2027,2026-09-04,Genoa,Como,2026-08-29,0.1873,0.2559,0.5568,2026-09-04,0.1771,0.2523,0.5706,0.750,1.575
2398904,Allsvenskan,2026,2026-09-05,Degerfors,Halmstad,2026-08-25,0.5057,0.2719,0.2224,2026-09-05,0.4744,0.2810,0.2445,1.332,0.870
2477939,Allsvenskan,2026,2026-09-05,GAIS,Häcken,2026-08-29,0.4345,0.2520,0.3135,2026-09-05,0.4548,0.2448,0.3004,1.611,1.265
2398910,Allsvenskan,2026,2026-09-05,Västerås,Sirius,2026-08-29,0.2232,0.2153,0.5615,2026-09-05,0.2485,0.2224,0.5292,1.252,1.917
2508345,Bundesliga,2026-2027,2026-09-05,Bayer Leverkusen,Union Berlin,2026-08-09,0.6874,0.1800,0.1326,2026-09-05,0.6975,0.1733,0.1291,2.400,0.936
2508343,Bundesliga,2026-2027,2026-09-05,Borussia Mönchengladbach,Elversberg,2026-08-29,0.3983,0.2431,0.3586,2026-09-05,0.3840,0.2409,0.3751,1.533,1.513
2508344,Bundesliga,2026-2027,2026-09-05,Hoffenheim,Borussia Dortmund,2026-08-09,0.3155,0.2308,0.4537,2026-09-05,0.3121,0.2333,0.4546,1.405,1.737
2508350,Bundesliga,2026-2027,2026-09-05,Paderborn,Freiburg,2026-08-29,0.4241,0.2664,0.3094,2026-09-05,0.4116,0.2653,0.3230,1.370,1.183
2508348,Bundesliga,2026-2027,2026-09-05,Schalke 04,Bayern Munich,2026-08-09,0.0692,0.1081,0.8227,2026-09-05,0.0139,0.0260,0.9601,1.080,6.000
2508342,Bundesliga,2026-2027,2026-09-05,Werder Bremen,RB Leipzig,2026-08-09,0.2634,0.2212,0.5154,2026-09-05,0.2406,0.2157,0.5437,1.275,2.007
2506199,La Liga,2026-2027,2026-09-05,Athletic Bilbao,Atlético Madrid,2026-08-29,0.3533,0.2498,0.3969,2026-09-05,0.3710,0.2496,0.3794,1.422,1.441
2506207,La Liga,2026-2027,2026-09-05,Rayo Vallecano,Racing de Santander,2026-08-30,0.4229,0.2638,0.3134,2026-09-05,0.4034,0.2605,0.3361,1.395,1.250
2489487,Ligue 1,2026-2027,2026-09-05,Le Havre,Brest,2026-08-30,0.3197,0.2713,0.4090,2026-09-05,0.3255,0.2729,0.4016,1.141,1.299
2489488,Ligue 1,2026-2027,2026-09-05,Lens,Lorient,2026-08-30,0.6899,0.1767,0.1334,2026-09-05,0.6953,0.1750,0.1297,2.374,0.926
2489483,Ligue 1,2026-2027,2026-09-05,Nice,Le Mans,2026-08-30,0.4802,0.2457,0.2741,2026-09-05,0.4899,0.2276,0.2825,1.839,1.350
2494026,Premier League,2026-2027,2026-09-05,Brentford,Sunderland,2026-08-31,0.5700,0.2325,0.1975,2026-09-05,0.5681,0.2331,0.1988,1.767,0.941
2494025,Premier League,2026-2027,2026-09-05,Brighton and Hove Albion,Leeds United,2026-08-30,0.5288,0.2434,0.2277,2026-09-05,0.5180,0.2411,0.2409,1.690,1.073
2494021,Premier League,2026-2027,2026-09-05,Fulham,Crystal Palace,2026-08-29,0.4271,0.2521,0.3208,2026-09-05,0.4202,0.2543,0.3254,1.475,1.267
2494028,Premier League,2026-2027,2026-09-05,Hull City,Aston Villa,2026-08-31,0.3864,0.2675,0.3461,2026-09-05,0.3926,0.2707,0.3367,1.299,1.182
2494024,Premier League,2026-2027,2026-09-05,Manchester City,Coventry City,2026-08-29,0.7854,0.1374,0.0772,2026-09-05,0.7534,0.1570,0.0896,2.433,0.712
2494020,Premier League,2026-2027,2026-09-05,Newcastle United,Bournemouth,2026-08-29,0.4361,0.2334,0.3305,2026-09-05,0.4356,0.2346,0.3298,1.698,1.451
2494029,Premier League,2026-2027,2026-09-05,Nottingham Forest,Tottenham Hotspur,2026-08-31,0.4709,0.2545,0.2746,2026-09-05,0.4689,0.2549,0.2762,1.529,1.112
2482164,Serie A,2026-2027,2026-09-05,Fiorentina,Torino,2026-08-30,0.4490,0.2563,0.2947,2026-09-05,0.4389,0.2584,0.3027,1.466,1.172
2482165,Serie A,2026-2027,2026-09-05,Inter Milan,Napoli,2026-08-30,0.5324,0.2412,0.2264,2026-09-05,0.5506,0.2367,0.2127,1.735,0.982
2482162,Serie A,2026-2027,2026-09-05,Roma,Atalanta,2026-08-30,0.4953,0.2318,0.2729,2026-09-05,0.5207,0.2268,0.2525,1.858,1.231
2398903,Allsvenskan,2026,2026-09-06,Brommapojkarna,Elfsborg,2026-08-29,0.3364,0.2694,0.3942,2026-09-06,0.3262,0.2658,0.4081,1.188,1.361
2398909,Allsvenskan,2026,2026-09-06,Örgryte,Hammarby,2026-08-31,0.0990,0.1533,0.7477,2026-09-06,0.1023,0.1549,0.7428,0.851,2.561
2508346,Bundesliga,2026-2027,2026-09-06,Eintracht Frankfurt,Augsburg,2026-08-09,0.5298,0.2274,0.2427,2026-09-06,0.5006,0.2258,0.2735,1.867,1.330
2508349,Bundesliga,2026-2027,2026-09-06,Hamburg,Mainz,2026-08-09,0.3136,0.2476,0.4388,2026-09-06,0.3081,0.2565,0.4354,1.201,1.477
2506204,La Liga,2026-2027,2026-09-06,Deportivo Alavés,Osasuna,2026-09-01,0.4486,0.2878,0.2636,2026-09-06,0.4478,0.2887,0.2635,1.258,0.893
2506203,La Liga,2026-2027,2026-09-06,Espanyol,Sevilla,2026-08-31,0.4525,0.2731,0.2744,2026-09-06,0.4528,0.2741,0.2732,1.359,0.990
2506202,La Liga,2026-2027,2026-09-06,Málaga,Levante,2026-08-31,0.2683,0.2537,0.4780,2026-09-06,0.2696,0.2548,0.4756,1.090,1.535
2506200,La Liga,2026-2027,2026-09-06,Valencia,Barcelona,2026-08-31,0.1697,0.1966,0.6336,2026-09-06,0.1678,0.1943,0.6379,1.046,2.211
2489480,Ligue 1,2026-2027,2026-09-06,Angers,Rennes,2026-08-30,0.2507,0.2532,0.4960,2026-09-06,0.2475,0.2483,0.5043,1.052,1.614
2489482,Ligue 1,2026-2027,2026-09-06,Marseille,Paris FC,2026-08-31,0.5427,0.2269,0.2304,2026-09-06,0.5436,0.2268,0.2297,1.855,1.128
2489486,Ligue 1,2026-2027,2026-09-06,Troyes,Strasbourg,2026-08-31,0.2754,0.3140,0.4106,2026-09-06,0.2752,0.3145,0.4103,0.824,1.077
2494022,Premier League,2026-2027,2026-09-06,Arsenal,Chelsea,2026-08-31,0.6798,0.1839,0.1362,2026-09-06,0.6821,0.1818,0.1361,2.295,0.922
2494023,Premier League,2026-2027,2026-09-06,Everton,Manchester United,2026-09-01,0.2917,0.2414,0.4670,2026-09-06,0.2886,0.2406,0.4709,1.259,1.672
2482163,Serie A,2026-2027,2026-09-06,Bologna,Sassuolo,2026-08-31,0.4548,0.2607,0.2845,2026-09-06,0.4518,0.2657,0.2824,1.421,1.064
2482166,Serie A,2026-2027,2026-09-06,Frosinone,Venezia,2026-08-31,0.5264,0.2253,0.2483,2026-09-06,0.5208,0.2278,0.2513,1.845,1.217
2482161,Serie A,2026-2027,2026-09-06,Juventus,AC Milan,2026-08-30,0.5561,0.2355,0.2084,2026-09-06,0.5473,0.2396,0.2131,1.705,0.966
2482167,Serie A,2026-2027,2026-09-06,Parma,Monza,2026-08-31,0.4048,0.2895,0.3058,2026-09-06,0.4002,0.2919,0.3079,1.178,0.995
2398906,Allsvenskan,2026,2026-09-07,Kalmar,Djurgården,2026-08-31,0.2474,0.2532,0.4995,2026-09-07,0.2283,0.2467,0.5250,0.987,1.634
2477940,Allsvenskan,2026,2026-09-07,Malmö,AIK,2026-09-01,0.4650,0.2433,0.2917,2026-09-07,0.4628,0.2430,0.2942,1.638,1.259
2398908,Allsvenskan,2026,2026-09-07,Mjällby,IFK Göteborg,2026-09-01,0.4368,0.2435,0.3197,2026-09-07,0.4253,0.2435,0.3312,1.585,1.372
2506208,La Liga,2026-2027,2026-09-07,Elche,Real Sociedad,2026-09-04,0.3916,0.2429,0.3655,2026-09-07,0.3865,0.2444,0.3691,1.504,1.465
2506206,La Liga,2026-2027,2026-09-07,Getafe,Celta Vigo,2026-09-01,0.3311,0.3329,0.3360,2026-09-07,0.3266,0.3389,0.3345,0.850,0.864
2482158,Serie A,2026-2027,2026-09-07,Cagliari,Lecce,2026-09-01,0.4706,0.2687,0.2607,2026-09-07,0.4692,0.2711,0.2597,1.397,0.964
2482159,Serie A,2026-2027,2026-09-07,Udinese,Lazio,2026-09-01,0.3362,0.2845,0.3794,2026-09-07,0.3357,0.2870,0.3773,1.084,1.167
2477941,Allsvenskan,2026,2026-09-11,Häcken,Mjällby,2026-09-01,0.5280,0.2222,0.2498,2026-09-11,0.5533,0.2174,0.2293,1.976,1.203
2508357,Bundesliga,2026-2027,2026-09-11,Union Berlin,Schalke 04,2026-08-09,0.5193,0.2531,0.2276,2026-09-11,0.7870,0.1419,0.0711,2.534,0.629
2506211,La Liga,2026-2027,2026-09-11,Sevilla,Valencia,2026-09-05,0.3787,0.2946,0.3267,2026-09-11,0.4118,0.2887,0.2995,1.213,0.989
2489490,Ligue 1,2026-2027,2026-09-11,Rennes,Marseille,2026-08-31,0.3374,0.2253,0.4373,2026-09-11,0.3578,0.2232,0.4191,1.662,1.811
2482175,Serie A,2026-2027,2026-09-11,Venezia,Fiorentina,2026-09-05,0.2974,0.2489,0.4537,2026-09-11,0.3435,0.2421,0.4144,1.420,1.581
2398911,Allsvenskan,2026,2026-09-12,AIK,Västerås,2026-09-04,0.4935,0.2396,0.2669,2026-09-12,0.4799,0.2474,0.2727,1.609,1.151
2398914,Allsvenskan,2026,2026-09-12,IFK Göteborg,Halmstad,2026-09-05,0.6166,0.2146,0.1688,2026-09-12,0.6348,0.2067,0.1585,2.018,0.895
2508355,Bundesliga,2026-2027,2026-09-12,Augsburg,Bayer Leverkusen,2026-09-05,0.2880,0.2222,0.4898,2026-09-12,0.2581,0.2151,0.5268,1.366,2.022
2508353,Bundesliga,2026-2027,2026-09-12,Borussia Dortmund,Paderborn,2026-09-05,0.6918,0.1864,0.1218,2026-09-12,0.6526,0.2035,0.1438,2.021,0.825
2508351,Bundesliga,2026-2027,2026-09-12,Freiburg,Borussia Mönchengladbach,2026-09-05,0.5348,0.2383,0.2269,2026-09-12,0.5297,0.2368,0.2335,1.738,1.072
2508354,Bundesliga,2026-2027,2026-09-12,Hoffenheim,Stuttgart,2026-09-05,0.4167,0.2136,0.3698,2026-09-12,0.4046,0.2127,0.3828,1.930,1.875
2508358,Bundesliga,2026-2027,2026-09-12,Köln,Werder Bremen,2026-09-05,0.5343,0.2250,0.2407,2026-09-12,0.5163,0.2298,0.2539,1.820,1.212
2508352,Bundesliga,2026-2027,2026-09-12,Mainz,Eintracht Frankfurt,2026-09-05,0.5108,0.2231,0.2661,2026-09-12,0.5409,0.2147,0.2444,2.023,1.303
2506209,La Liga,2026-2027,2026-09-12,Athletic Bilbao,Elche,2026-09-05,0.6249,0.2070,0.1681,2026-09-12,0.6184,0.2075,0.1742,2.040,0.982
2506217,La Liga,2026-2027,2026-09-12,Osasuna,Espanyol,2026-09-05,0.5375,0.2576,0.2049,2026-09-12,0.5082,0.2644,0.2274,1.473,0.889
2506218,La Liga,2026-2027,2026-09-12,Racing de Santander,Deportivo Alavés,2026-09-07,0.4729,0.2584,0.2687,2026-09-12,0.4741,0.2581,0.2678,1.505,1.063
2506214,La Liga,2026-2027,2026-09-12,Real Madrid,Rayo Vallecano,2026-09-05,0.7490,0.1519,0.0991,2026-09-12,0.7443,0.1546,0.1012,2.558,0.842
2489494,Ligue 1,2026-2027,2026-09-12,Auxerre,Nice,2026-09-05,0.3754,0.2656,0.3589,2026-09-12,0.3639,0.2687,0.3674,1.257,1.264
2489495,Ligue 1,2026-2027,2026-09-12,Le Havre,Angers,2026-09-05,0.4356,0.2993,0.2651,2026-09-12,0.4265,0.2966,0.2768,1.188,0.896
2489492,Ligue 1,2026-2027,2026-09-12,Lorient,Toulouse,2026-09-05,0.3912,0.2635,0.3453,2026-09-12,0.3873,0.2678,0.3449,1.310,1.220
2489496,Ligue 1,2026-2027,2026-09-12,Paris FC,Lyon,2026-09-05,0.4018,0.2538,0.3443,2026-09-12,0.4080,0.2492,0.3427,1.500,1.355
2489491,Ligue 1,2026-2027,2026-09-12,Strasbourg,Monaco,2026-09-04,0.3608,0.2330,0.4063,2026-09-12,0.3950,0.2272,0.3778,1.710,1.668
2494037,Premier League,2026-2027,2026-09-12,Aston Villa,Nottingham Forest,2026-09-05,0.4642,0.2474,0.2884,2026-09-12,0.4690,0.2515,0.2795,1.560,1.146
2494031,Premier League,2026-2027,2026-09-12,Bournemouth,Brentford,2026-09-05,0.4492,0.2355,0.3153,2026-09-12,0.4509,0.2366,0.3125,1.695,1.376
2494034,Premier League,2026-2027,2026-09-12,Chelsea,Hull City,2026-09-05,0.5545,0.2305,0.2150,2026-09-12,0.5407,0.2422,0.2171,1.679,0.968
2494035,Premier League,2026-2027,2026-09-12,Crystal Palace,Ipswich Town,2026-09-05,0.6553,0.1910,0.1537,2026-09-12,0.6621,0.1860,0.1519,2.291,1.006
2494032,Premier League,2026-2027,2026-09-12,Liverpool,Fulham,2026-09-05,0.6301,0.1979,0.1720,2026-09-12,0.6277,0.1947,0.1775,2.231,1.107
2494038,Premier League,2026-2027,2026-09-12,Sunderland,Arsenal,2026-09-05,0.1338,0.2196,0.6466,2026-09-12,0.1314,0.2160,0.6526,0.686,1.853
2494033,Premier League,2026-2027,2026-09-12,Tottenham Hotspur,Everton,2026-09-05,0.4094,0.2633,0.3274,2026-09-12,0.4084,0.2666,0.3250,1.356,1.179
2482172,Serie A,2026-2027,2026-09-12,Atalanta,Cagliari,2026-09-05,0.6669,0.1917,0.1414,2026-09-12,0.6209,0.2087,0.1705,2.018,0.952
2482171,Serie A,2026-2027,2026-09-12,Genoa,Frosinone,2026-09-05,0.3898,0.2709,0.3393,2026-09-12,0.3744,0.2526,0.3730,1.403,1.400
2482168,Serie A,2026-2027,2026-09-12,Lazio,AC Milan,2026-09-05,0.3003,0.2735,0.4261,2026-09-12,0.3253,0.2789,0.3958,1.105,1.249
2398913,Allsvenskan,2026,2026-09-13,Elfsborg,Kalmar,2026-09-05,0.4728,0.2711,0.2561,2026-09-13,0.4502,0.2779,0.2719,1.330,0.967
2398916,Allsvenskan,2026,2026-09-13,Hammarby,Brommapojkarna,2026-09-05,0.7093,0.1767,0.1140,2026-09-13,0.7045,0.1788,0.1167,2.255,0.795
2477942,Allsvenskan,2026,2026-09-13,Malmö,Örgryte,2026-09-07,0.6511,0.1910,0.1579,2026-09-13,0.6485,0.1934,0.1581,2.198,0.988
2508359,Bundesliga,2026-2027,2026-09-13,Elversberg,Bayern Munich,2026-09-07,0.1305,0.1295,0.7400,2026-09-13,0.1302,0.1295,0.7402,1.536,3.479
2508356,Bundesliga,2026-2027,2026-09-13,RB Leipzig,Hamburg,2026-09-05,0.7285,0.1604,0.1111,2026-09-13,0.7618,0.1452,0.0931,2.673,0.840
2506212,La Liga,2026-2027,2026-09-13,Celta Vigo,Málaga,2026-09-07,0.6388,0.2353,0.1258,2026-09-13,0.6408,0.2344,0.1248,1.675,0.581
2506213,La Liga,2026-2027,2026-09-13,Levante,Barcelona,2026-09-07,0.1406,0.1560,0.7034,2026-09-13,0.1420,0.1570,0.7010,1.226,2.796
2506216,La Liga,2026-2027,2026-09-13,Real Sociedad,Atlético Madrid,2026-09-08,0.3280,0.2352,0.4367,2026-09-13,0.3301,0.2353,0.4346,1.445,1.688
2489493,Ligue 1,2026-2027,2026-09-13,Brest,Paris Saint-Germain,2026-09-07,0.1614,0.1916,0.6469,2026-09-13,0.1630,0.1910,0.6460,1.042,2.249
2489497,Ligue 1,2026-2027,2026-09-13,Le Mans,Lens,2026-09-07,0.1866,0.1896,0.6238,2026-09-13,0.1870,0.1891,0.6239,1.226,2.349
2489489,Ligue 1,2026-2027,2026-09-13,Lille,Troyes,2026-09-05,0.5765,0.2847,0.1387,2026-09-13,0.7086,0.1674,0.1241,2.476,0.945
2494039,Premier League,2026-2027,2026-09-13,Coventry City,Brighton and Hove Albion,2026-09-07,0.2491,0.2560,0.4948,2026-09-13,0.2459,0.2552,0.4989,1.004,1.546
2494030,Premier League,2026-2027,2026-09-13,Manchester United,Manchester City,2026-09-05,0.3273,0.2250,0.4477,2026-09-13,0.3195,0.2251,0.4554,1.514,1.840
2482176,Serie A,2026-2027,2026-09-13,Lecce,Monza,2026-09-07,0.3575,0.2751,0.3674,2026-09-13,0.3463,0.2774,0.3763,1.162,1.224
2482170,Serie A,2026-2027,2026-09-13,Napoli,Bologna,2026-09-07,0.5140,0.2621,0.2239,2026-09-13,0.5096,0.2644,0.2260,1.474,0.884
2482169,Serie A,2026-2027,2026-09-13,Sassuolo,Juventus,2026-09-07,0.1572,0.2078,0.6349,2026-09-13,0.1557,0.2081,0.6362,0.868,1.993
2398912,Allsvenskan,2026,2026-09-14,Djurgården,GAIS,2026-09-07,0.5254,0.2386,0.2360,2026-09-14,0.5149,0.2423,0.2429,1.677,1.073
2398918,Allsvenskan,2026,2026-09-14,Sirius,Degerfors,2026-09-08,0.6191,0.2171,0.1638,2026-09-14,0.6223,0.2157,0.1619,1.916,0.858
2506210,La Liga,2026-2027,2026-09-14,Villarreal,Real Betis,2026-09-08,0.5621,0.2102,0.2278,2026-09-14,0.5616,0.2102,0.2281,2.079,1.263
2494036,Premier League,2026-2027,2026-09-14,Leeds United,Newcastle United,2026-09-07,0.4035,0.2523,0.3442,2026-09-14,0.3966,0.2525,0.3509,1.450,1.349
2482177,Serie A,2026-2027,2026-09-14,Como,Parma,2026-09-08,0.7325,0.1816,0.0859,2026-09-14,0.7294,0.1838,0.0867,2.056,0.546
2482174,Serie A,2026-2027,2026-09-14,Inter Milan,Udinese,2026-09-08,0.7962,0.1281,0.0757,2026-09-14,0.7933,0.1300,0.0767,2.826,0.789
2482173,Serie A,2026-2027,2026-09-14,Torino,Roma,2026-09-07,0.1543,0.2022,0.6435,2026-09-14,0.1536,0.2029,0.6435,0.890,2.054
2506223,La Liga,2026-2027,2026-09-15,Deportivo Alavés,Valencia,2026-09-12,0.5416,0.2572,0.2012,2026-09-15,0.5393,0.2572,0.2035,1.539,0.835
2506228,La Liga,2026-2027,2026-09-15,Elche,Real Madrid,2026-09-13,0.1386,0.1698,0.6917,2026-09-15,0.1358,0.1684,0.6957,1.038,2.521
2506227,La Liga,2026-2027,2026-09-15,Rayo Vallecano,Espanyol,2026-09-13,0.5174,0.2470,0.2356,2026-09-15,0.5122,0.2486,0.2392,1.613,1.018
2398887,Allsvenskan,2026,2026-09-16,AIK,Mjällby,2026-09-08,0.4593,0.2439,0.2968,2026-09-16,0.4538,0.2446,0.3016,1.612,1.270
2506220,La Liga,2026-2027,2026-09-16,Atlético Madrid,Osasuna,2026-09-13,0.6033,0.2218,0.1749,2026-09-16,0.6006,0.2248,0.1746,1.833,0.872
2506219,La Liga,2026-2027,2026-09-16,Barcelona,Racing de Santander,2026-09-13,0.8411,0.0976,0.0613,2026-09-16,0.8245,0.1051,0.0704,3.418,0.997
2506222,La Liga,2026-2027,2026-09-16,Levante,Athletic Bilbao,2026-09-13,0.3876,0.2512,0.3611,2026-09-16,0.3844,0.2480,0.3676,1.466,1.429
2506221,La Liga,2026-2027,2026-09-17,Málaga,Villarreal,2026-09-14,0.1255,0.2132,0.6613,2026-09-17,0.1369,0.2195,0.6435,0.701,1.829
2506224,La Liga,2026-2027,2026-09-17,Real Betis,Getafe,2026-09-14,0.5661,0.2661,0.1678,2026-09-17,0.5840,0.2574,0.1586,1.525,0.653
2508360,Bundesliga,2026-2027,2026-09-18,Bayern Munich,Union Berlin,2026-09-07,0.8965,0.0688,0.0347,2026-09-18,0.9037,0.0642,0.0322,3.994,0.781
2506235,La Liga,2026-2027,2026-09-18,Espanyol,Elche,2026-09-15,0.5156,0.2387,0.2457,2026-09-18,0.5269,0.2338,0.2393,1.772,1.118
2489501,Ligue 1,2026-2027,2026-09-18,Monaco,Lens,2026-09-07,0.3474,0.2269,0.4257,2026-09-18,0.3637,0.2270,0.4093,1.633,1.743
2494047,Premier League,2026-2027,2026-09-18,Brentford,Chelsea,2026-09-13,0.4470,0.2243,0.3287,2026-09-18,0.4454,0.2245,0.3301,1.837,1.559
2482187,Serie A,2026-2027,2026-09-18,Monza,Sassuolo,2026-09-12,0.3142,0.2494,0.4363,2026-09-18,0.3619,0.2378,0.4003,1.511,1.600
2398919,Allsvenskan,2026,2026-09-19,Brommapojkarna,IFK Göteborg,2026-09-08,0.3816,0.2558,0.3626,2026-09-19,0.3688,0.2576,0.3737,1.350,1.361
2477944,Allsvenskan,2026,2026-09-19,Västerås,Malmö,2026-09-13,0.3389,0.2518,0.4093,2026-09-19,0.3274,0.2495,0.4230,1.310,1.522
2398925,Allsvenskan,2026,2026-09-19,Örgryte,Sirius,2026-09-12,0.1616,0.1855,0.6530,2026-09-19,0.1509,0.1803,0.6688,1.048,2.380
2508362,Bundesliga,2026-2027,2026-09-19,Borussia Mönchengladbach,Mainz,2026-09-13,0.3037,0.2373,0.4589,2026-09-19,0.3074,0.2385,0.4541,1.341,1.677
2508364,Bundesliga,2026-2027,2026-09-19,Eintracht Frankfurt,Freiburg,2026-09-13,0.4449,0.2410,0.3141,2026-09-19,0.4488,0.2412,0.3100,1.642,1.327
2508367,Bundesliga,2026-2027,2026-09-19,Hamburg,Köln,2026-09-13,0.3286,0.2526,0.4189,2026-09-19,0.3064,0.2507,0.4429,1.239,1.540
2508365,Bundesliga,2026-2027,2026-09-19,Stuttgart,Borussia Dortmund,2026-09-13,0.3589,0.2207,0.4204,2026-09-19,0.3631,0.2215,0.4154,1.698,1.826
2508361,Bundesliga,2026-2027,2026-09-19,Werder Bremen,Augsburg,2026-09-12,0.3788,0.2511,0.3700,2026-09-19,0.3960,0.2542,0.3498,1.434,1.333
2506230,La Liga,2026-2027,2026-09-19,Athletic Bilbao,Deportivo Alavés,2026-09-16,0.4887,0.2621,0.2492,2026-09-19,0.4897,0.2633,0.2470,1.472,0.963
2506234,La Liga,2026-2027,2026-09-19,Celta Vigo,Racing de Santander,2026-09-16,0.4343,0.2599,0.3058,2026-09-19,0.6142,0.1971,0.1887,2.220,1.157
2506238,La Liga,2026-2027,2026-09-19,Osasuna,Rayo Vallecano,2026-09-17,0.3996,0.2737,0.3268,2026-09-19,0.3968,0.2741,0.3291,1.283,1.142
2506233,La Liga,2026-2027,2026-09-19,Sevilla,Barcelona,2026-09-16,0.1218,0.1667,0.7115,2026-09-19,0.1231,0.1671,0.7098,0.938,2.475
2489498,Ligue 1,2026-2027,2026-09-19,Angers,Troyes,2026-09-12,0.4015,0.2476,0.3509,2026-09-19,0.4613,0.2621,0.2766,1.460,1.068
2489505,Ligue 1,2026-2027,2026-09-19,Le Mans,Lorient,2026-09-13,0.3851,0.2497,0.3652,2026-09-19,0.4042,0.2405,0.3554,1.579,1.468
2489499,Ligue 1,2026-2027,2026-09-19,Lyon,Rennes,2026-09-13,0.5064,0.2251,0.2685,2026-09-19,0.5075,0.2248,0.2677,1.882,1.314
2489504,Ligue 1,2026-2027,2026-09-19,Paris FC,Strasbourg,2026-09-13,0.4721,0.2423,0.2856,2026-09-19,0.4732,0.2421,0.2847,1.657,1.232
2489502,Ligue 1,2026-2027,2026-09-19,Toulouse,Le Havre,2026-09-13,0.5863,0.2397,0.1740,2026-09-19,0.5872,0.2394,0.1734,1.686,0.790
2494046,Premier League,2026-2027,2026-09-19,Brighton and Hove Albion,Arsenal,2026-09-13,0.2185,0.2345,0.5470,2026-09-19,0.2305,0.2380,0.5315,1.051,1.725
2494043,Premier League,2026-2027,2026-09-19,Everton,Ipswich Town,2026-09-13,0.5665,0.2231,0.2103,2026-09-19,0.5666,0.2232,0.2102,1.888,1.062
2494040,Premier League,2026-2027,2026-09-19,Newcastle United,Hull City,2026-09-13,0.4897,0.2606,0.2497,2026-09-19,0.4727,0.2629,0.2644,1.463,1.024
2494049,Premier League,2026-2027,2026-09-19,Nottingham Forest,Coventry City,2026-09-13,0.5197,0.2645,0.2158,2026-09-19,0.5924,0.2355,0.1721,1.721,0.803
2494044,Premier League,2026-2027,2026-09-19,Tottenham Hotspur,Aston Villa,2026-09-13,0.3816,0.2567,0.3618,2026-09-19,0.3817,0.2568,0.3615,1.384,1.340
2482182,Serie A,2026-2027,2026-09-19,Bologna,Torino,2026-09-13,0.5101,0.2568,0.2330,2026-09-19,0.5022,0.2623,0.2355,1.488,0.928
2482181,Serie A,2026-2027,2026-09-19,Roma,Inter Milan,2026-09-13,0.3439,0.2314,0.4247,2026-09-19,0.3557,0.2302,0.4141,1.575,1.713
2482179,Serie A,2026-2027,2026-09-19,Udinese,Cagliari,2026-09-13,0.4456,0.2698,0.2846,2026-09-19,0.4184,0.2694,0.3121,1.350,1.127
2482185,Serie A,2026-2027,2026-09-19,Venezia,Lazio,2026-09-13,0.2324,0.2257,0.5419,2026-09-19,0.2341,0.2276,0.5383,1.142,1.846
2398920,Allsvenskan,2026,2026-09-20,Degerfors,Hammarby,2026-09-13,0.1454,0.2165,0.6381,2026-09-20,0.1408,0.2135,0.6456,0.752,1.899
2398921,Allsvenskan,2026,2026-09-20,Djurgården,Elfsborg,2026-09-13,0.5563,0.2315,0.2122,2026-09-20,0.5634,0.2299,0.2067,1.807,0.999
2398922,Allsvenskan,2026,2026-09-20,Halmstad,AIK,2026-09-13,0.2413,0.2485,0.5102,2026-09-20,0.2365,0.2451,0.5184,1.030,1.649
2477943,Allsvenskan,2026,2026-09-20,Kalmar,Häcken,2026-09-15,0.3369,0.2705,0.3926,2026-09-20,0.3358,0.2701,0.3941,1.183,1.305
2398924,Allsvenskan,2026,2026-09-20,Mjällby,GAIS,2026-09-13,0.2950,0.2538,0.4512,2026-09-20,0.3085,0.2533,0.4382,1.225,1.509
2508363,Bundesliga,2026-2027,2026-09-20,Bayer Leverkusen,RB Leipzig,2026-09-13,0.5544,0.1988,0.2468,2026-09-20,0.5262,0.2055,0.2683,2.178,1.524
2508368,Bundesliga,2026-2027,2026-09-20,Paderborn,Hoffenheim,2026-09-13,0.2570,0.2442,0.4988,2026-09-20,0.2573,0.2448,0.4979,1.112,1.645
2508366,Bundesliga,2026-2027,2026-09-20,Schalke 04,Elversberg,2026-09-13,0.3000,0.1844,0.5155,2026-09-20,0.3671,0.1915,0.4414,2.190,2.396
2506229,La Liga,2026-2027,2026-09-20,Atlético Madrid,Real Madrid,2026-09-17,0.3665,0.2277,0.4058,2026-09-20,0.3618,0.2275,0.4107,1.622,1.739
2506237,La Liga,2026-2027,2026-09-20,Getafe,Málaga,2026-09-18,0.6009,0.2989,0.1002,2026-09-20,0.5993,0.2996,0.1011,1.253,0.343
2506231,La Liga,2026-2027,2026-09-20,Valencia,Real Sociedad,2026-09-17,0.4234,0.2670,0.3096,2026-09-20,0.4192,0.2674,0.3134,1.366,1.143
2506232,La Liga,2026-2027,2026-09-20,Villarreal,Levante,2026-09-17,0.6317,0.1843,0.1840,2026-09-20,0.6522,0.1772,0.1707,2.515,1.236
2489503,Ligue 1,2026-2027,2026-09-20,Auxerre,Brest,2026-09-13,0.3575,0.2615,0.3810,2026-09-20,0.3630,0.2643,0.3726,1.286,1.307
2489506,Ligue 1,2026-2027,2026-09-20,Marseille,Paris Saint-Germain,2026-09-13,0.2691,0.2165,0.5144,2026-09-20,0.2773,0.2204,0.5024,1.399,1.942
2489500,Ligue 1,2026-2027,2026-09-20,Nice,Lille,2026-09-13,0.2794,0.2649,0.4557,2026-09-20,0.2678,0.2641,0.4681,1.028,1.450
2494041,Premier League,2026-2027,2026-09-20,Bournemouth,Liverpool,2026-09-13,0.3855,0.2324,0.3822,2026-09-20,0.3870,0.2323,0.3807,1.632,1.617
2494042,Premier League,2026-2027,2026-09-20,Fulham,Manchester United,2026-09-13,0.2915,0.2352,0.4733,2026-09-20,0.2995,0.2386,0.4619,1.314,1.685
2494048,Premier League,2026-2027,2026-09-20,Leeds United,Crystal Palace,2026-09-15,0.4909,0.2404,0.2687,2026-09-20,0.4940,0.2397,0.2663,1.697,1.183
2494045,Premier League,2026-2027,2026-09-20,Manchester City,Sunderland,2026-09-13,0.7374,0.1633,0.0993,2026-09-20,0.7342,0.1661,0.0997,2.355,0.741
2482178,Serie A,2026-2027,2026-09-20,AC Milan,Lecce,2026-09-13,0.7077,0.1815,0.1108,2026-09-20,0.7064,0.1828,0.1108,2.173,0.725
2482183,Serie A,2026-2027,2026-09-20,Fiorentina,Napoli,2026-09-15,0.2405,0.2555,0.5040,2026-09-20,0.2390,0.2552,0.5058,0.979,1.550
2482184,Serie A,2026-2027,2026-09-20,Frosinone,Como,2026-09-15,0.2055,0.2066,0.5880,2026-09-20,0.2039,0.2061,0.5900,1.167,2.111
2482180,Serie A,2026-2027,2026-09-20,Juventus,Atalanta,2026-09-14,0.5848,0.2208,0.1944,2026-09-20,0.5824,0.2226,0.1950,1.881,0.990
2482186,Serie A,2026-2027,2026-09-20,Parma,Genoa,2026-09-15,0.3149,0.3146,0.3705,2026-09-20,0.3133,0.3147,0.3720,0.909,1.019
2398930,Allsvenskan,2026,2026-10-09,IFK Göteborg,Västerås,2026-09-18,0.4818,0.2414,0.2768,2026-09-24,0.4781,0.2438,0.2781,1.643,1.196
2508371,Bundesliga,2026-2027,2026-10-09,Borussia Dortmund,Werder Bremen,2026-09-15,0.7347,0.1650,0.1003,2026-09-24,0.7217,0.1711,0.1072,2.321,0.771
2506240,La Liga,2026-2027,2026-10-09,Málaga,Espanyol,2026-09-19,0.1536,0.2730,0.5734,2026-09-24,0.1681,0.2879,0.5440,0.596,1.320
2489515,Ligue 1,2026-2027,2026-10-09,Lens,Lyon,2026-09-14,0.5537,0.2143,0.2320,2026-09-24,0.5165,0.2205,0.2630,1.943,1.335
2398927,Allsvenskan,2026,2026-10-10,AIK,Brommapojkarna,2026-09-15,0.4575,0.2537,0.2888,2026-09-24,0.4647,0.2507,0.2846,1.564,1.169
2398929,Allsvenskan,2026,2026-10-10,GAIS,Sirius,2026-09-20,0.3742,0.2543,0.3715,2026-09-24,0.3851,0.2535,0.3614,1.419,1.367
2398934,Allsvenskan,2026,2026-10-10,Mjällby,Degerfors,2026-09-20,0.4594,0.2637,0.2769,2026-09-24,0.4387,0.2685,0.2928,1.384,1.079
2508373,Bundesliga,2026-2027,2026-10-10,Augsburg,Bayern Munich,2026-09-20,0.1024,0.1300,0.7676,2026-09-24,0.1031,0.1303,0.7666,1.137,3.133
2508372,Bundesliga,2026-2027,2026-10-10,Hoffenheim,Hamburg,2026-09-20,0.6856,0.1797,0.1346,2026-09-24,0.6901,0.1772,0.1326,2.353,0.932
2508370,Bundesliga,2026-2027,2026-10-10,Mainz,Bayer Leverkusen,2026-09-19,0.3308,0.2266,0.4427,2026-09-24,0.3296,0.2239,0.4465,1.563,1.846
2508376,Bundesliga,2026-2027,2026-10-10,Paderborn,Stuttgart,2026-09-20,0.2245,0.2258,0.5497,2026-09-24,0.2382,0.2292,0.5326,1.148,1.827
2508374,Bundesliga,2026-2027,2026-10-10,RB Leipzig,Eintracht Frankfurt,2026-09-20,0.6489,0.1755,0.1756,2026-09-24,0.6262,0.1824,0.1914,2.487,1.334
2508375,Bundesliga,2026-2027,2026-10-10,Union Berlin,Elversberg,2026-09-20,0.3879,0.2206,0.3915,2026-09-24,0.3923,0.2301,0.3776,1.669,1.634
2506239,La Liga,2026-2027,2026-10-10,Barcelona,Getafe,2026-09-20,0.8608,0.0993,0.0399,2026-09-24,0.8533,0.1041,0.0426,2.913,0.531
2506243,La Liga,2026-2027,2026-10-10,Deportivo Alavés,Atlético Madrid,2026-09-20,0.3235,0.2607,0.4159,2026-09-24,0.3188,0.2619,0.4192,1.194,1.409
2506246,La Liga,2026-2027,2026-10-10,Rayo Vallecano,Athletic Bilbao,2026-09-20,0.3860,0.2710,0.3430,2026-09-24,0.3883,0.2712,0.3405,1.287,1.187
2506242,La Liga,2026-2027,2026-10-10,Real Madrid,Villarreal,2026-09-20,0.6812,0.1653,0.1535,2026-09-24,0.6455,0.1760,0.1785,2.570,1.313
2489513,Ligue 1,2026-2027,2026-10-10,Brest,Angers,2026-09-20,0.5535,0.2437,0.2028,2026-09-24,0.5390,0.2512,0.2098,1.592,0.889
2489507,Ligue 1,2026-2027,2026-10-10,Lille,Le Havre,2026-09-19,0.6541,0.2214,0.1245,2026-09-24,0.6511,0.2175,0.1314,1.839,0.680
2489512,Ligue 1,2026-2027,2026-10-10,Lorient,Paris FC,2026-09-20,0.3316,0.2783,0.3900,2026-09-24,0.3288,0.2789,0.3922,1.113,1.243
2489510,Ligue 1,2026-2027,2026-10-10,Monaco,Toulouse,2026-09-20,0.5225,0.2260,0.2516,2026-09-24,0.5187,0.2273,0.2541,1.852,1.234
2489509,Ligue 1,2026-2027,2026-10-10,Paris Saint-Germain,Le Mans,2026-09-20,0.8251,0.1090,0.0659,2026-09-24,0.8326,0.1039,0.0635,3.322,0.889
2494052,Premier League,2026-2027,2026-10-10,Arsenal,Leeds United,2026-09-20,0.6712,0.1991,0.1297,2026-09-24,0.6665,0.2036,0.1298,1.983,0.738
2494057,Premier League,2026-2027,2026-10-10,Aston Villa,Brentford,2026-09-20,0.3769,0.2394,0.3837,2026-09-24,0.3750,0.2397,0.3853,1.525,1.548
2494053,Premier League,2026-2027,2026-10-10,Chelsea,Bournemouth,2026-09-20,0.4190,0.2254,0.3556,2026-09-24,0.4224,0.2273,0.3502,1.763,1.590
2494055,Premier League,2026-2027,2026-10-10,Ipswich Town,Fulham,2026-09-20,0.3107,0.2407,0.4485,2026-09-24,0.3099,0.2401,0.4501,1.336,1.655
2494050,Premier League,2026-2027,2026-10-10,Manchester United,Tottenham Hotspur,2026-09-19,0.6124,0.2093,0.1783,2026-09-24,0.6137,0.2065,0.1798,2.065,1.023
2494058,Premier League,2026-2027,2026-10-10,Sunderland,Brighton and Hove Albion,2026-09-20,0.2713,0.2528,0.4759,2026-09-24,0.2780,0.2423,0.4797,1.207,1.660
2482192,Serie A,2026-2027,2026-10-10,Genoa,Fiorentina,2026-09-20,0.3224,0.2823,0.3953,2026-09-24,0.3292,0.2840,0.3868,1.086,1.202
2482195,Serie A,2026-2027,2026-10-10,Inter Milan,Parma,2026-09-20,0.8663,0.0925,0.0412,2026-09-24,0.8618,0.0954,0.0428,3.141,0.611
2482191,Serie A,2026-2027,2026-10-10,Napoli,Frosinone,2026-09-19,0.6255,0.2037,0.1708,2026-09-24,0.6088,0.2053,0.1859,2.092,1.068
2398932,Allsvenskan,2026,2026-10-11,Hammarby,Djurgården,2026-09-20,0.5010,0.2369,0.2621,2026-09-24,0.5013,0.2396,0.2590,1.701,1.156
2477945,Allsvenskan,2026,2026-10-11,Häcken,Örgryte,2026-09-21,0.7148,0.1643,0.1208,2026-09-24,0.7148,0.1643,0.1208,2.512,0.943
2508369,Bundesliga,2026-2027,2026-10-11,Freiburg,Schalke 04,2026-09-13,0.6907,0.1653,0.1440,2026-09-24,0.6319,0.1980,0.1701,2.163,1.031
2508377,Bundesliga,2026-2027,2026-10-11,Köln,Borussia Mönchengladbach,2026-09-21,0.5486,0.2150,0.2364,2026-09-24,0.5486,0.2150,0.2364,2.015,1.261
2506247,La Liga,2026-2027,2026-10-11,Elche,Celta Vigo,2026-09-21,0.3418,0.2574,0.4007,2026-09-24,0.3418,0.2574,0.4007,1.287,1.415
2506248,La Liga,2026-2027,2026-10-11,Racing de Santander,Valencia,2026-09-21,0.3892,0.2406,0.3701,2026-09-24,0.3892,0.2406,0.3701,1.547,1.504
2506244,La Liga,2026-2027,2026-10-11,Real Betis,Osasuna,2026-09-21,0.6029,0.2222,0.1749,2026-09-24,0.6029,0.2222,0.1749,1.863,0.889
2489508,Ligue 1,2026-2027,2026-10-11,Nice,Strasbourg,2026-09-20,0.3614,0.2488,0.3898,2026-09-24,0.3669,0.2473,0.3857,1.432,1.475
2489511,Ligue 1,2026-2027,2026-10-11,Rennes,Auxerre,2026-09-21,0.5554,0.2262,0.2184,2026-09-24,0.5554,0.2262,0.2184,1.856,1.079
2489514,Ligue 1,2026-2027,2026-10-11,Troyes,Marseille,2026-09-21,0.1560,0.1753,0.6687,2026-09-24,0.1560,0.1753,0.6687,1.138,2.490
2494054,Premier League,2026-2027,2026-10-11,Crystal Palace,Nottingham Forest,2026-09-21,0.4119,0.2562,0.3319,2026-09-24,0.4119,0.2562,0.3319,1.445,1.271
2494056,Premier League,2026-2027,2026-10-11,Hull City,Everton,2026-09-21,0.3972,0.3000,0.3028,2026-09-24,0.3972,0.3000,0.3028,1.129,0.946
2494051,Premier League,2026-2027,2026-10-11,Liverpool,Manchester City,2026-09-21,0.3575,0.2260,0.4165,2026-09-24,0.3575,0.2260,0.4165,1.627,1.769
2482190,Serie A,2026-2027,2026-10-11,Cagliari,Juventus,2026-09-20,0.1370,0.2188,0.6442,2026-09-24,0.1343,0.2187,0.6471,0.690,1.833
2482197,Serie A,2026-2027,2026-10-11,Como,Roma,2026-09-21,0.3918,0.2473,0.3609,2026-09-24,0.3918,0.2473,0.3609,1.488,1.418
2482188,Serie A,2026-2027,2026-10-11,Lazio,Monza,2026-09-20,0.5552,0.2334,0.2114,2026-09-24,0.5584,0.2326,0.2090,1.778,0.992
2482196,Serie A,2026-2027,2026-10-11,Lecce,Bologna,2026-09-21,0.2195,0.2687,0.5118,2026-09-24,0.2195,0.2687,0.5118,0.842,1.441
2482189,Serie A,2026-2027,2026-10-11,Sassuolo,AC Milan,2026-09-20,0.2931,0.2414,0.4655,2026-09-24,0.2776,0.2394,0.4831,1.228,1.694
2398928,Allsvenskan,2026,2026-10-12,Elfsborg,Halmstad,2026-09-17,0.6603,0.2066,0.1331,2026-09-24,0.6431,0.2124,0.1445,1.919,0.778
2477946,Allsvenskan,2026,2026-10-12,Malmö,Kalmar,2026-09-21,0.4967,0.2596,0.2437,2026-09-24,0.4967,0.2596,0.2437,1.507,0.972
2506241,La Liga,2026-2027,2026-10-12,Levante,Sevilla,2026-09-21,0.5112,0.2450,0.2439,2026-09-24,0.5112,0.2450,0.2439,1.649,1.059
2494059,Premier League,2026-2027,2026-10-12,Coventry City,Newcastle United,2026-09-21,0.2203,0.2556,0.5241,2026-09-24,0.2203,0.2556,0.5241,0.907,1.551
2482193,Serie A,2026-2027,2026-10-12,Atalanta,Venezia,2026-09-21,0.7059,0.1630,0.1311,2026-09-24,0.7059,0.1630,0.1311,2.598,1.050
2482194,Serie A,2026-2027,2026-10-12,Torino,Udinese,2026-09-21,0.3820,0.2668,0.3512,2026-09-24,0.3820,0.2668,0.3512,1.308,1.242
2398936,Allsvenskan,2026,2026-10-16,Brommapojkarna,Djurgården,2026-09-21,0.2060,0.2282,0.5658,2026-09-24,0.2060,0.2282,0.5658,1.007,1.826
2508382,Bundesliga,2026-2027,2026-10-16,Eintracht Frankfurt,Köln,2026-09-21,0.5321,0.2111,0.2568,2026-09-24,0.5321,0.2111,0.2568,2.084,1.403
2489524,Ligue 1,2026-2027,2026-10-16,Le Mans,Toulouse,2026-09-21,0.3563,0.2339,0.4098,2026-09-24,0.3563,0.2339,0.4098,1.536,1.662
2398935,Allsvenskan,2026,2026-10-17,AIK,IFK Göteborg,2026-09-21,0.3952,0.2488,0.3560,2026-09-24,0.3952,0.2488,0.3560,1.481,1.393
